{
    "berry": 1784198689.9843988,
    "herb": 1784197908.6960566,
    "flower": 1784196357.3224761,
    "cactus": 1784196369.5689898,
    "birdhouse": 1784198391.8520358,
    "coconut": 1784204855.1848068
}