{
    "visited": [
        {
            "world": 302,
            "timestamp": 1777621075.5259476
        },
        {
            "world": 305,
            "timestamp": 1777631995.7625275
        },
        {
            "world": 302,
            "timestamp": 1777642870.7709367
        }
    ]
}