{
    "visited": [
        {
            "world": 302,
            "timestamp": 1776526687.912998
        },
        {
            "world": 305,
            "timestamp": 1776526720.3699007
        }
    ]
}